<?xml version="1.0" encoding="UTF-8"?>
<beans xmlns="http://www.springframework.org/schema/beans"
	xmlns:xsi="http://www.w3.org/2001/XMLSchema-instance"
	xmlns:context="http://www.springframework.org/schema/context"
	xmlns:mvc="http://www.springframework.org/schema/mvc"
	xsi:schemaLocation="http://www.springframework.org/schema/beans http://www.springframework.org/schema/beans/spring-beans.xsd
		http://www.springframework.org/schema/context http://www.springframework.org/schema/context/spring-context-4.3.xsd
		http://www.springframework.org/schema/mvc http://www.springframework.org/schema/mvc/spring-mvc-4.3.xsd">

<context:component-scan base-package="com.pradeep.cms">
<context:exclude-filter type="annotation" expression="org.springframework.stereotype.Controller"/>
</context:component-scan>


<!-- DriverManagerDataSource -->
<bean  class="org.springframework.jdbc.datasource.DriverManagerDataSource" id="dataSource">
<property name="driverClassName"   value="com.mysql.cj.jdbc.Driver"/>
<property name="url"   value="jdbc:mysql://localhost:3306/company"/>
<property name="username"   value="root"/>
<property name="password"   value="admin"/>
</bean>


<!-- JdbcTemplate -->
<bean  class="org.springframework.jdbc.core.JdbcTemplate"  id="jdbcTemplate">
<property name="dataSource"  ref="dataSource"></property>
</bean>

<!-- JdbcTemplate  -->
<!-- 
<bean  class="org.springframework.jdbc.core.JdbcTemplate"  id="jdbcTemplate"  autowire="byName">
</bean>
 -->


<!-- Load these values before creating any beans -->
<!-- 
<bean   class="org.springframework.beans.factory.config.PropertyPlaceholderConfigurer">
<property name="location" value="db.properties"/>
</bean>
 -->
</beans>
