<?xml version="1.0" encoding="UTF-8"?>
<beans xmlns="http://www.springframework.org/schema/beans"
	xmlns:xsi="http://www.w3.org/2001/XMLSchema-instance"
	xmlns:context="http://www.springframework.org/schema/context"
	default-lazy-init="true"
	xmlns:aop="http://www.springframework.org/schema/aop"
	xsi:schemaLocation="http://www.springframework.org/schema/beans http://www.springframework.org/schema/beans/spring-beans.xsd
		http://www.springframework.org/schema/context http://www.springframework.org/schema/context/spring-context-4.3.xsd
		http://www.springframework.org/schema/aop http://www.springframework.org/schema/aop/spring-aop-4.3.xsd">


<aop:aspectj-autoproxy/>

<!-- enable the annotation based configuration -->
<context:component-scan base-package="com"/>


<!-- DriverManagerDataSource -->
<bean  class="org.springframework.jdbc.datasource.DriverManagerDataSource" id="dataSource">
<property name="driverClassName"   value="${jdbc.driver}"/>
<property name="url"   value="${jdbc.url}"/>
<property name="username"   value="${jdbc.username}"/>
<property name="password"   value="${jdbc.password}"/>
</bean>


<!-- JdbcTemplate -->
<bean  class="org.springframework.jdbc.core.JdbcTemplate"  id="jdbcTemplate">
<property name="dataSource"  ref="dataSource"></property>
</bean>

<!-- JdbcTemplate  -->
<!-- 
<bean  class="org.springframework.jdbc.core.JdbcTemplate"  id="jdbcTemplate"  autowire="byName">
</bean>
 -->


<!-- Load these values before creating any beans -->

<bean   class="org.springframework.beans.factory.config.PropertyPlaceholderConfigurer">
<property name="location" value="db.properties"/>
</bean>


</beans>
