<?xml version="1.0" encoding="UTF-8"?>
<beans xmlns="http://www.springframework.org/schema/beans"
	xmlns:xsi="http://www.w3.org/2001/XMLSchema-instance"
	xsi:schemaLocation="http://www.springframework.org/schema/beans http://www.springframework.org/schema/beans/spring-beans.xsd"
	
	default-lazy-init="true"
	
	>

<!-- customerDao -->
<bean class="com.pradeep.cms.dao.MapCustomerDaoImpl"  id="mapCustomerDaoImpl"    ></bean>

<!-- customerDao -->
<bean class="com.pradeep.cms.dao.MySQLCustomerDaoImpl"  id="customerDao"    ></bean>



<!-- customerService -->
<bean class="com.pradeep.cms.service.MapCustomerServiceImpl" id="cs"  autowire="byName" > 
</bean>


<!-- customerMainApp -->
<bean class="com.pradeep.cms.presnetation.CustomerMainApp" id="customerMainApp"  autowire="byName"  init-method="init"   destroy-method="destroy"> 
</bean>



</beans>
